/*
	Furniture2016.sql
	Eric J. Schwabe
	November 1st, 2016

	Script to set up CUSTOMER, ORDERTABLE, ORDERLINE, PRODUCT tables
	for CSC 451 Assignment 6

	Sample data modified from Modern Database Management (7th edition),
		Hoffer, Prescott, McFadden
	
	For use in assignment only -- do not copy...
*/

-- drop tables

DROP TABLE ORDERLINE CASCADE CONSTRAINTS;

DROP TABLE ORDERTABLE CASCADE CONSTRAINTS;

DROP TABLE PRODUCT CASCADE CONSTRAINTS;

DROP TABLE CUSTOMER CASCADE CONSTRAINTS;

-- create and link tables

CREATE TABLE CUSTOMER
(
	CustomerID	INTEGER,
	Name		VARCHAR2(30),
	Address		VARCHAR2(20),
	City		VARCHAR2(20),
	State		CHAR(2),
	Zip		CHAR(5),

	CONSTRAINT PK_CUSTOMER
		PRIMARY KEY (CustomerID)
);

CREATE TABLE PRODUCT
(
	ProductID	INTEGER,
	Description	VARCHAR2(30),
	Finish		VARCHAR2(20),
	Price		NUMBER(5,2),

	CONSTRAINT PK_PRODUCT
		PRIMARY KEY (ProductID)
);

CREATE TABLE ORDERTABLE
(	OrderID		INTEGER,
	OrderDate	DATE,
	CustomerID	INTEGER,

	CONSTRAINT PK_ORDER
		PRIMARY KEY (OrderID),

	CONSTRAINT FK_ORDER_CUSTOMER
		FOREIGN KEY (CustomerID)
		REFERENCES CUSTOMER(CustomerID)
);

CREATE TABLE ORDERLINE
(
	OrderID		INTEGER,
	ProductID	INTEGER,
	Quantity	INTEGER,

	CONSTRAINT PK_ORDERLINE
		PRIMARY KEY (OrderID, ProductID),

	CONSTRAINT FK_ORDERLINE_ORDER
		FOREIGN KEY (OrderID)
		REFERENCES ORDERTABLE(OrderID),

	CONSTRAINT FK_ORDERLINE_PRODUCT
		FOREIGN KEY (ProductID)
		REFERENCES PRODUCT(ProductID)
);

-- populate tables

INSERT INTO CUSTOMER VALUES
	(1, 'Contemporary Casuals', '1355 S Hinds Blvd', 'Gainesville', 'FL', '32601');
INSERT INTO CUSTOMER VALUES
	(2, 'Furniture Ranch', '15415 SW 17th St', 'El Paso', 'TX', '79901');
INSERT INTO CUSTOMER VALUES
	(3, 'Home Furnishings', '1900 Allard Ave', 'Albany', 'NY', '12209');
INSERT INTO CUSTOMER VALUES
	(4, 'Midwest Furniture', '1925 Milwaukee Ave', 'Chicago', 'IL', '60611');
INSERT INTO CUSTOMER VALUES
	(5, 'Expressions', '5585 Westcott Dr', 'Sacramento', 'CA', '94206');
INSERT INTO CUSTOMER VALUES
	(6, 'Furnishings Outlet', '325 Plains Rd', 'Pocatello', 'ID', '83202');
INSERT INTO CUSTOMER VALUES
	(7, 'Vintage Housewares', '394 Northern Dr', 'Holland', 'MI', '54911');
INSERT INTO CUSTOMER VALUES
	(8, 'California Classics', '816 Peach Rd', 'Santa Clara', 'CA', '96915');
INSERT INTO CUSTOMER VALUES
	(9, 'M and H Casual Home Furniture', '3709 First St', 'Clearwater', 'FL', '34620');
INSERT INTO CUSTOMER VALUES
	(10, 'Vero Interiors', '2400 Rocky Point Dr', 'Vero Beach', 'FL', '32969');
INSERT INTO CUSTOMER VALUES
	(11, 'American Lifestyles Furniture', '242 North Ave', 'Aurora', 'IL', '60502');
INSERT INTO CUSTOMER VALUES
	(12, 'Furniture-palooza', '345 Motor Parkway', 'Hauppauge', 'NY', '11787');
INSERT INTO CUSTOMER VALUES
	(13, 'Fine Home Furnishings', '601 Chicago Ave', 'Evanston', 'IL', '60202');
INSERT INTO CUSTOMER VALUES
	(14, 'Kaneohe Home Store', '112 Kiowai St', 'Kaneohe', 'HI', '96744');
INSERT INTO CUSTOMER VALUES
	(15, 'Coastal Comfort', '99 Main St', 'Irvine', 'CA', '92612');
INSERT INTO CUSTOMER VALUES
	(16, 'Unpainted Arizona', '72 Nathan St', 'Tempe', 'AZ', '85280');

INSERT INTO PRODUCT VALUES
	(10, 'Coffee Table', 'Maple', 275.00);
INSERT INTO PRODUCT VALUES	
	(20, 'Dining Table', 'Maple', 500.00);
INSERT INTO PRODUCT VALUES
	(30, 'Computer Desk', 'Oak', 375.00);
INSERT INTO PRODUCT VALUES
	(40, 'Computer Desk', 'Ash', 450.00);
INSERT INTO PRODUCT VALUES
	(50, 'Coffee Table', 'Pine', 400.00);
INSERT INTO PRODUCT VALUES
	(60, 'Entertainment Center', 'Pine', 750.00);
INSERT INTO PRODUCT VALUES
	(70, 'Dining Table', 'Oak', 800.00);
INSERT INTO PRODUCT VALUES
	(80, 'Computer Desk', 'Pine', 250.00);

INSERT INTO ORDERTABLE VALUES
	(101, DATE '2016-01-31', 1);
INSERT INTO ORDERTABLE VALUES
	(102, DATE '2016-01-31', 4);
INSERT INTO ORDERTABLE VALUES
	(103, DATE '2016-01-31', 12);
INSERT INTO ORDERTABLE VALUES
	(104, DATE '2016-02-14', 3);
INSERT INTO ORDERTABLE VALUES
	(105, DATE '2016-03-22', 3);
INSERT INTO ORDERTABLE VALUES
	(106, DATE '2016-04-02', 2);
INSERT INTO ORDERTABLE VALUES
	(107, DATE '2016-04-02', 16);
INSERT INTO ORDERTABLE VALUES
	(108, DATE '2016-06-17', 10);
INSERT INTO ORDERTABLE VALUES
	(109, DATE '2016-06-17', 10);
INSERT INTO ORDERTABLE VALUES
	(110, DATE '2016-07-11', 5);
INSERT INTO ORDERTABLE VALUES
	(111, DATE '2016-07-11', 1);
INSERT INTO ORDERTABLE VALUES
	(112, DATE '2016-07-11', 5);
INSERT INTO ORDERTABLE VALUES
	(113, DATE '2016-10-12', 7);

INSERT INTO ORDERLINE VALUES
	(101, 10, 2);
INSERT INTO ORDERLINE VALUES
	(101, 20, 1);
INSERT INTO ORDERLINE VALUES
	(101, 40, 2);
INSERT INTO ORDERLINE VALUES
	(102, 30, 3);
INSERT INTO ORDERLINE VALUES
	(103, 30, 2);
INSERT INTO ORDERLINE VALUES
	(104, 80, 2);
INSERT INTO ORDERLINE VALUES
	(104, 70, 4);
INSERT INTO ORDERLINE VALUES
	(105, 40, 4);
INSERT INTO ORDERLINE VALUES
	(106, 40, 2);
INSERT INTO ORDERLINE VALUES
	(106, 30, 5);
INSERT INTO ORDERLINE VALUES
	(106, 70, 1);
INSERT INTO ORDERLINE VALUES
	(107, 10, 4);
INSERT INTO ORDERLINE VALUES
	(107, 20, 6);
INSERT INTO ORDERLINE VALUES
	(108, 30, 8);
INSERT INTO ORDERLINE VALUES
	(108, 80, 1);
INSERT INTO ORDERLINE VALUES
	(109, 40, 5);
INSERT INTO ORDERLINE VALUES
	(109, 70, 1);
INSERT INTO ORDERLINE VALUES
	(110, 80, 5);
INSERT INTO ORDERLINE VALUES
	(111, 30, 1);
INSERT INTO ORDERLINE VALUES
	(112, 10, 1);
INSERT INTO ORDERLINE VALUES
	(113, 70, 2);
INSERT INTO ORDERLINE VALUES
	(113, 80, 2);

-- display tables

SELECT * FROM CUSTOMER;

SELECT * FROM PRODUCT;

SELECT * FROM ORDERTABLE;

SELECT * FROM ORDERLINE;
